Name,Straße,PLZ/Stadt,Sterne,Bewertungen
Schlüters Pizza & More ,Von-Melle-Park 2,20146 Hamburg,"4,2",114
Veggie 2.0 ,Hardenbergstraße 34,10623 Berlin,"3,6",40
Cafeteria am Horn ,Carl-Alexander-Platz 1,99425 Weimar,-,-
Mensa am Park ,Marienstraße 15b,99423 Weimar,"3,6",5.155
Mensa Wernigerode ,Friedrichstraße 57–59,38855 Wernigerode,"3,6",490
Mensa Scheffelberg ,Scheffelstraße 39,08066 Zwickau,"3,5",67
Mensa Saarbrücken ,Campus,66123 Saarbrücken,"3,7",4.062
Mensa Hochschule für Musik ,Bismarckstraße 1,66119 Saarbrücken,"3,5",57
Mensa Hochschule für Musik ,Sedanstraße 15,42275 Wuppertal,"2,8",25
Mensa ME 04 ,Gaußstraße 20,42119 Wuppertal,"2,7",116
Mensa ME 02 ,Gaußstraße 20,42119 Wuppertal,"3,6",4.334
Mensa Campus Freudenberg ,Rainer-Gruenter-Straße 21,42119 Wuppertal,"3,4",353
Cafeteria Sport + Design ,Gaußstraße 20,42119 Wuppertal,"3,3",299
Mensa Bremerhaven ,An der Karlstadt 10,27568 Bremerhaven,"3,6",6.219
Cafeteria Bremerhaven ,An der Karlstadt 10,27568 Bremerhaven,"3,6",545
C@feteria ME 03 ,Gaußstraße 20,42119 Wuppertal,"3,5",356
Mensateria Campus Hubland Nord ,Magdalene-Schoch-Straße,97074 Würzburg,"3,6",8.382
Mensa Josef-Schneider-Straße ,Josef-Schneider-Straße 9,97080 Würzburg,"3,8",668
Mensa Campus Hubland Süd ,Am Hubland 16,97074 Würzburg,"3,6",1.868
Mensa am Studentenhaus ,Am Studentenhaus 1,97072 Würzburg,"3,7",5.136
Mensa Uni ,Albert-Einstein-Allee 11,89081 Ulm,"3,5",3.173
Cafeteria Uni West ,Albert-Einstein-Allee 11,89081 Ulm,"3,2",281
Cafeteria Helmholtzstraße , Helmholtzstraße 16,89081 Ulm,-,-
Mensa Hochschule ,Prittwitzstraße 10,89075 Ulm,"3,1",1.266
Essensausgabe Oberer Eselsberg , Albert-Einstein-Allee 55,89081 Ulm,-,-
Cafeteria Oberer Eselsberg ,Albert-Einstein-Allee 55,89081 Ulm,-,-
Mensa Röntgenring ,Röntgenring 12,97070 Würzburg,"3,6",1.306
Bistro am Haspel ,Paulus-Kirch-Straße 7,42285 Wuppertal,"3,3",305
Mensa Ring ,Klosterstraße 9,08056 Zwickau,"3,9",124
Cafeteria Scheffelberg ,Scheffelstraße 39,08066 Zwickau,"2,8",25
Cafeteria Ring ,Klosterstraße 9,08056 Zwickau,"2,8",39
blub im Haus 3 ,Friedrichstraße 57-59,38855 Wernigerode,-,-
Mensa Wilhelmstraße ,Wilhelmstraße 15,72074 Tübingen,"3,7",3.422
Mensa Prinz Karl ,Hafengasse 6,72074 Tübingen,"3,3",644
Mensa Vaihingen ,Pfaffenwaldring 45,70569 Stuttgart,"3,2",7.352
Mensa Central ,Ossietzkystraße 3,70174 Stuttgart,"3,5",1.370
Mensa Hohenheim ,Garbenstraße 29,70599 Stuttgart-Hohenheim,"3,1",236
Delivery Point Hauberweg ,Hauberweg 48,73525 Schwäbisch Gmünd,-,-
Mensa der Hochschule für Gestaltung ,Rektor-Klaus-Straße 100,73525 Schwäbisch Gmünd,-,-
Mensa Musikhochschule ,Urbanstraße 25,70182 Stuttgart,"3,3",105
Mensa Kunstakademie ,Am Weißenhof 1,70191 Stuttgart,"3,3",93
Mensa Tiefenbronner Straße ,Tiefenbronner Straße 65,75175 Pforzheim,"3,3",671
Mensa Holzgartenstraße ,Holzgartenstraße 35,75175 Pforzheim,"2,6",80
Mensa Morgenstelle ,Auf der Morgenstelle 26,72076 Tübingen,"3,0",5.587
Mensaria am Schloss ,Bismarckstraße 10,68161 Mannheim,"3,7",875
EO Cafeteria ,Bismarckstraße 10,68161 Mannheim,-,-
Cafeteria KUBUS ,Bismarckstraße 10,68161 Mannheim,-,-
Mensa Hochschule Mannheim ,Paul-Wittsack-Straße 10,68163 Mannheim,"3,6",1.308
Mensa Gießberg ,Universitätsstraße 10,78464 Konstanz,"3,5",14.719
Mensa HTWG ,Alfred-Wachtel-Straße 12,78462 Konstanz,"3,3",5.292
Cafeteria Musikhochschule ,N7 17,68161 Mannheim,"3,4",57
Mensaria Wohlgelegen ,Käfertaler Straße 258,68167 Mannheim,"2,8",49
Mensaria Metropol ,Hans-Thoma-Straße 40,68163 Mannheim,"3,2",344
Cafeteria Horizonte ,Coblitzallee 1-9,68163 Mannheim,-,-
Mensa am Adenauerring ,Adenauerring 7,76131 Karlsruhe,"3,6",13.983
Mensa Moltke ,Moltkestraße 12,76133 Karlsruhe,"3,3",1.293
Mensa an der Hochschule Heilbronn ,Max-Planck-Straße 39,74081 Heilbronn,"3,4",149
Mensa am Bildungscampus ,Bildungscampus 4,74076 Heilbronn,"3,2",182
Zeughaus-Mensa im Marstall ,Marstallhof 3,69117 Heidelberg,"3,6",201
Zentralmensa ,Im Neuenheimer Feld 304,69120 Heidelberg,"3,6",7.294
Triplex-Mensa am Uniplatz ,Grabengasse 14,69117 Heidelberg,"3,5",1.252
Caféteria Moltkestraße 30 ,Moltkestraße 30,76133 Karlsruhe,"3,2",53
Mensa Schloss Gottesaue ,Am Schloss Gottesaue 7,76131 Karlsruhe,"3,0",46
Mensa Rempartstraße ,Rempartstraße 18,79098 Freiburg,"3,8",41.201
Mensa Institutsviertel ,Stefan-Meier-Straße 28,79104 Freiburg,"3,7",15.103
Mensa Flugplatz ,Georges-Köhler-Allee 82,79110 Freiburg,"3,6",1.472
Mensa Littenweiler ,Kunzenweg 29,79117 Freiburg,"3,7",2.625
Mensa Aalen ,Beethovenstraße 15,73430 Aalen,-,-
Cafeteria am Burren ,Anton-Huber-Straße 10,73430 Aalen,-,-
Musikantine ,Mendelssohn-Bartholdy-Platz 1,79102 Freiburg,"3,7",109
Ausgabestelle EH Freiburg ,Bugginger 38,79114 Freiburg,"3,2",94
Mensa Erzbergerstraße ,Erzbergerstraße 121,76133 Karlsruhe,"2,8",1.729
Mensa Uni Regensburg ,Albertus-Magnus-Straße 2,93053 Regensburg,"3,5",40.494
Mensa Passau ,Innstraße 29,94032 Passau,"3,4",24.223
Cafeteria Nikolakloster ,Innstraße 40,94032 Passau,"3,3",146
Mensateria Ohm ,Wollentorstraße 4,90409 Nürnberg,"3,4",4.578
Cafeteria Hohfederstraße ,Hohfederstraße 40,90489 Nürnberg,"3,6",204
StuCafé Arcisstraße 21 ,Arcisstraße 21,80333 München,-,-
StuBistro Olympiacampus ,Am Olympiacampus 11,80809 München,"3,7",54
StuBistro Martinsried ,Großhaderner Straße 9a,82152 Planegg-Martinsried,"3,6",197
Mensa Martinsried ,Großhaderner Straße 6,82152 Planegg-Martinsried,"3,5",1.780
Mensa Arcisstraße ,Arcisstraße 17,80333 München,"3,6",7.401
StuBistro Schellingstraße ,Schellingstraße 3,80799 München,"3,5",576
StuBistro Oettingenstraße ,Oettingenstraße 67,80538 München,"4,1",187
StuBistro Goethestraße ,Goethestraße 70,80336 München,"3,8",91
StuBistro Butenandtstraße ,Butenandtstraße 13,81377 München,"3,6",1.297
StuBistro Garching ,Boltzmannstraße 19,85748 Garching,"3,5",151
Mensa Weihenstephan ,Maximus-von-Imhof-Forum 5,85354 Freising,"3,5",8.940
Südmensa ,Erwin-Rommel-Straße 60,91058 Erlangen,"3,4",2.560
Mensa Langemarckplatz ,Langemarckplatz 4,91054 Erlangen,"3,6",3.164
StuBistro Akademie ,Alte Akademie 1,85354 Freising,"3,2",467
StuBistro Boltzmannstraße 15 ,Boltzmannstraße 15,85748 Garching,"3,5",63
Mensa Garching ,Boltzmannstraße 19,85748 Garching,"3,6",8.652
StuBistro Adalbertstraße ,Adalbertstraße 5,80799 München,"3,4",591
Mensa Leopoldstraße ,Leopoldstraße 13a,80802 München,"3,5",9.458
StuCafé Lothstraße ,Lothstraße 64,80335 München,-,-
StuBistro Karlstraße ,Karlstraße 6,80333 München,"2,9",97
Mensa Pasing ,Am Stadtpark 20,81243 München,"3,3",740
Mensa Lothstraße ,Lothstraße 13d,80335 München,"3,3",4.991
StuBistro Arcisstraße ,Arcisstraße 12,80333 München,"3,0",40
StuBistro Akademiestraße ,Akademiestraße 2,80799 München,"2,9",90
Cafeteria Veilhofstraße ,Veilhofstraße 34-40,90489 Nürnberg,"3,1",26
Mensa Regensburger Straße ,Regensburger Straße 160,90478 Nürnberg,"3,6",349
Mensa Insel Schütt ,Andreij-Sacharow-Platz 1,90403 Nürnberg,"3,3",883
Ausgabemensa St. Paul ,Dutzendteichstraße 24,90478 Nürnberg,"4,0",47
Cafeteria Bärenschanzstraße ,Bärenschanzstraße 4,90429 Nürnberg,"3,0",36
Cafeteria Bingstraße ,Bingstraße 60,90480 Nürnberg,-,-
Cafeteria Sport ,Universitätsstraße 31,93053 Regensburg,"3,8",56
Cafeteria PT ,Universitätsstraße 31,93053 Regensburg,"3,5",163
Cafeteria Chemie ,Universitätsstraße 31,93053 Regensburg,"3,6",407
Mensa OTH Regensburg (abends) ,Seybothstraße 2,93053 Regensburg,"3,5",796
Mensa OTH Regensburg ,Seybothstraße 2,93053 Regensburg,"3,5",21.981
Cafeteria Prüfeninger Straße ,Prüfeninger Straße 58,93049 Regensburg,"3,1",1.002
Mensa Marchstraße ,Marchstraße 23,10587 Berlin,"3,5",62
Mensa Hardenbergstraße ,Hardenbergstraße 34,10623 Berlin,"3,4",1.275
Mensa Karlshorst ,Köpenicker Allee 39-57,10318 Berlin,-,-
Mensa Weißensee ,Bühringstraße 20,13086 Berlin,"3,7",47
Mensa Badensche Straße ,Badensche Straße 50-51,10825 Berlin,"3,5",243
Mensa Oase Adlershof ,Rudower Chaussee 25,12489 Berlin,"3,5",581
Mensa HU Süd ,Unter den Linden 6,10117 Berlin,"3,5",1.243
Mensa HU Nord ,Hannoversche Straße 7,10115 Berlin,"3,7",1.592
Mensa Wilhelminenhof ,Wilhelminenhofstraße 75a,12459 Berlin,"3,3",763
Mensa Campus Friedrich Streib ,Friedrich-Streib-Straße 2,96450 Coburg,"3,6",5.893
Mensa Campus Design ,Am Hofbräuhaus 1,96450 Coburg,"3,2",1.863
Mensa Nürnberger Straße ,Nürnberger Straße 38,95448 Bayreuth,-,-
Mensa Feldkirchenstraße ,Feldkirchenstraße 21,96052 Bamberg,"3,3",4.049
Mensa Universität ,Universitätsstraße 4,86159 Augsburg,"3,5",1.969
Mensa Hochschule ,Friedberger Straße 2,86161 Augsburg,"3,7",1.837
Cafeteria am Brunnenlech ,An der Hochschule 1,86161 Augsburg,"3,3",819
Mensa Austraße ,Austraße 37,96047 Bamberg,"3,4",2.390
Mensa Geschwister-Scholl-Platz ,Geschwister-Scholl-Platz,95445 Bayreuth,"3,6",226
Hauptmensa ,Universitätsstraße 30,95447 Bayreuth,"3,6",17.172
Frischraum ,Universitätsstraße 30,95447 Bayreuth,"3,6",10.869
Mensa Treskowallee ,Treskowallee 8,10318 Berlin,"3,4",413
Mensa HfS Ernst Busch ,Zinnowitzer Straße 11,10115 Berlin,-,-
Mensa Charlottenstraße ,Charlottenstraße 55,10117 Berlin,"3,5",101
Veggie No. 1 ,Van't-Hoff-Straße 6,14195 Berlin,"3,2",607
Mensa Otto-von-Simson-Straße ,Otto-von-Simson-Straße 26,14195 Berlin,"3,4",2.182
Mensa Lankwitz ,Malteserstraße 74,12249 Berlin,"4,2",413
Mensa Koserstraße ,Koserstraße 20,14195 Berlin,"3,0",34
Mensa FU Pharmazie ,Königin-Luise-Straße 2,14195 Berlin,"3,2",133
Mensa Düppel ,Oertzenweg 19b,14163 Berlin,"2,6",87
Mensa Charité Zahnklinik ,Aßmannshauser Straße 2-6,14197 Berlin,"3,2",99
Mensa Teltower Damm ,Teltower Damm 118-122,14167 Berlin,"3,4",56
Mensa Luxemburger Straße ,Luxemburger Straße 9,13353 Berlin,"3,4",781
Mensa Hellersdorf ,Kokoschkaplatz 8a,12627 Berlin,"3,4",111
Mensa Studierendenhaus ,Von-Melle-Park 2,20146 Hamburg,"3,3",3.474
Mensa Stellingen ,Vogt-Kölln-Straße 30,22527 Hamburg,"3,8",325
Mensa Philosophenturm ,Von-Melle-Park 6,20146 Hamburg,"3,3",2.075
Mensa Geomatikum ,Bundesstraße 55,20146 Hamburg,"3,6",826
Mensa Botanischer Garten ,Ohnhorststraße 18,22609 Hamburg,"3,6",378
Café Jungiusstraße ,Jungiusstraße 9,20355 Hamburg,"3,6",96
Café dell'Arte ,Edmund-Siemers-Allee 1,20146 Hamburg,"3,9",52
Café CFEL ,Notkestraße 85,22607 Hamburg,"3,1",309
Café am Mittelweg ,Mittelweg 177,20148 Hamburg,"3,7",143
Blattwerk ,Von-Melle-Park 5,20146 Hamburg,"3,5",3.208
Mensa Harburg ,Denickestraße 22,21073 Hamburg,"3,6",7.770
Mensa Griebnitzsee ,August-Bebel-Straße 89,14482 Potsdam,"3,4",1.455
Mensa Golm ,Karl-Liebknecht-Straße 24/25,14476 Potsdam,"3,6",935
Mensa Waldcampus ,Alfred-Möller-Straße 1,16225 Eberswalde,-,-
Mensa Sachsendorf ,Lipezker Straße 47,03048 Cottbus,"3,7",411
Mensa BTU ,Friedlieb-Runge-Straße 1,03046 Cottbus,"3,4",344
Unique Café ,Enrique-Schmidt-Straße 7,28359 Bremen,"3,6",490
Unimensa am Boulevard ,Leobener Straße 3,28359 Bremen,"3,6",38.441
Unikum ,Bibliothekstraße 1,28359 Bremen,"3,2",161
Mensa NW1 ,Otto-Hahn-Allee 1,28359 Bremen,"3,5",1.497
Mensa Domshof ,Domshof 26,28199 Bremen,"3,6",337
Caféteria GW2 ,Enrique-Schmidt-Straße 1,28359 Bremen,"3,9",1.841
Café Central ,Leobener Straße 3,28359 Bremen,"3,4",275
Mensa Werderstraße ,Werderstraße 73,28199 Bremen,"3,5",5.246
Mensa Neustadtswall ,Neustadtswall 33,28199 Bremen,"3,4",14.745
Mensa Airport ,Flughafenallee 10,28199 Bremen,"3,3",2.721
Interimsmensa HfK ,Am Speicher XI 8,28217 Bremen,"3,3",63
Mensa Stadtcampus ,Goethestraße 11,16225 Eberswalde,"3,4",231
Mensa Am Neuen Palais ,Am Neuen Palais 10,14469 Potsdam,"3,9",480
Mensa Filmuniversität ,Marlene-Dietrich-Allee 11,14482 Potsdam,"3,6",152
Mensa Kiepenheuerallee ,Kiepenheuerallee 5,14469 Potsdam,"3,6",2.657
Café ZessP ,Am Schwarzenberg-Campus 2,21073 Hamburg,"4,0",169
Mensa HCU ,Überseeallee 16,20457 Hamburg,"3,3",3.073
Mensa Finkenau ,Finkenau 35,22081 Hamburg,"3,5",869
Mensa Berliner Tor ,Berliner Tor 7,20099 Hamburg,"3,5",4.059
Mensa Bergedorf ,Lohbrügger Kirchstraße 65,21033 Hamburg,"3,5",1.235
Café Alexanderstraße ,Alexanderstraße 1,20099 Hamburg,"3,5",77
Mensa Bucerius Law School ,Jungiusstraße 6,20355 Hamburg,"3,3",3.409
Mensa Bertramstraße ,Bertramstraße 27,65185 Wiesbaden,"3,3",505
mensa accent ,Kurt-Schumacher-Ring 18,65197 Wiesbaden,"3,5",710
Philipps Bistro ,Erlenring 5,35037 Marburg,"3,7",1.241
Zentralmensa ,Arnold-Bode-Straße 4,34127 Kassel,"3,7",8.929
Pausen-CamBus ,Otto-Behaghel-Straße 27,35394 Gießen,"3,4",51
Mensa Otto-Behaghel-Straße ,Otto-Behaghel-Straße 27,35394 Gießen,"3,8",5.071
Mensa Mildred-Harnack-Fish-Haus ,Leihgesterner Weg 16,35392 Gießen,"3,7",1.606
Mensa im Park ,Offenbacher Landstraße 224,60599 Frankfurt am Main,-,-
Mensa HfMDK ,Eschersheimer Landstraße 35,60322 Frankfurt am Main,"3,1",160
Mensa Stadtmitte ,Alexanderstraße 14,64283 Darmstadt,"3,4",1.784
Mensa Lichtwiese ,Alarich-Weiss-Straße 3,64287 Darmstadt,"3,2",1.285
Mensa Ulme 45 ,Ulmenstraße 45,18057 Rostock,"3,7",3.213
Mensa Süd ,Albert-Einstein-Straße 6a,18059 Rostock,"3,7",8.788
Mensa Campus Loefflerstraße ,Ernst-Lohmeyer-Platz 5,17489 Greifswald,"3,7",2.417
Mensa Campus Beitz-Platz ,Fleischmannstraße 40,17489 Greifswald,"3,5",8.907
Mensa St.-Georg-Straße ,St.-Georg-Straße 104-107,18055 Rostock,"3,1",1.523
Mensa Multiple Choice ,Schillingallee 70,18057 Rostock,"3,6",765
Mensa Kantilene ,Beim St.-Katharinenstift 8,18055 Rostock,"3,6",305
Mensa Vechta ,Universitätsstraße 1,49377 Vechta,"3,8",7.751
Bistro Vechta ,Universitätsstraße 1,49377 Vechta,-,-
Mensa Schöfferstraße ,Schöfferstraße 3,64295 Darmstadt,"3,3",2.468
Bistro Haardtring ,Haardtring 100,64295 Darmstadt,"3,2",425
Sommergarten ,Theodor-W.-Adorno-Platz 2a,60323 Frankfurt am Main,-,-
Mensa Pi x Gaumen ,Max-von-Laue-Straße 9,60439 Frankfurt am Main,"3,4",1.635
Mensa Casino ,Theodor-W.-Adorno-Platz 1,60323 Frankfurt am Main,"3,3",2.518
Mensa Anbau Casino ,Theodor-W.-Adorno-Platz 1,60323 Frankfurt am Main,"3,2",2.328
Cocktailbar Anbau Casino ,Theodor-W.-Adorno-Platz 2,60323 Frankfurt am Main,"3,7",40
Casino Cafeteria ,Theodor-W.-Adorno-Platz 2a,60323 Frankfurt am Main,"4,0",30
Cafeteria Level ,Ruth-Moufang-Straße 2,60438 Frankfurt am Main,"3,3",448
Cafeteria Hoagascht ,Rostocker Straße 2,60323 Frankfurt am Main,"4,0",89
Cafeteria Dasein ,Theodor-W.-Adorno-Platz 1,60323 Frankfurt am Main,"3,6",1.841
Cafeteria Darwins ,Max-von-Laue-Straße 13,60438 Frankfurt am Main,"3,5",632
Cafeteria Bockenheim ,Bockenheimer Landstraße 133,60325 Frankfurt am Main,"3,3",465
Café Hochform ,Ginnheimer Landstraße 39,60487 Frankfurt am Main,"2,8",25
Mensa essWERK ,Nibelungenplatz 1,60318 Frankfurt am Main,"3,4",3.024
CaRe Cafeteria Rechenzentrum ,Heinrich-Buff-Ring 44,35392 Gießen,"3,4",376
Cafeteria JuWi ,Licher Straße 68,35394 Gießen,"3,6",187
Cafe am Kunstweg ,Karl-Glöckner-Straße 21,35394 Gießen,"3,4",158
Mensa THM Gießen ,Wiesenstraße 14,35390 Gießen,"3,6",1.726
Cafeteria D13 ,Ringallee 35,35390 Gießen,-,-
Cafeteria Campus Tor ,Platz der Deutschen Einheit 1,35390 Gießen,"3,3",323
Mensa Wilhelmshöher Allee ,Wilhelmshöher Allee 71,34121 Kassel,"3,5",1.088
Mensa Kunsthochschule ,Menzelstraße 13,34121 Kassel,"3,6",212
Mensa Heinrich-Plett-Straße ,Heinrich-Plett-Straße 40,34132 Kassel,"3,5",1.569
Mo's Diner ,Conradistraße,35039 Marburg,"3,7",67
Mensa Lahnberge ,Conradistraße,35039 Marburg,"3,7",4.575
Mensa Erlenring ,Erlenring 5,35037 Marburg,"3,5",8.209
Cafeteria Lahnberge ,Conradistraße,35039 Marburg,"3,2",83
Mensa Schlossgarten ,Ritterstraße 10,49074 Osnabrück,"3,7",26.593
Mensa Wechloy ,Carl-von-Ossietzky-Straße 9-11,26129 Oldenburg,"3,6",5.988
Mensa Campus abends ,Scharnhorststraße 1,21335 Lüneburg,"3,8",238
Mensa Campus ,Scharnhorststraße 1,21335 Lüneburg,"3,6",19.955
Mensa Uhlhornsweg ,Uhlhornsweg 49-55,26129 Oldenburg,"3,7",6.723
Mensa Uni ,Marienburger Platz 22,31141 Hildesheim,"3,5",8.080
Mensa Herrenhausen ,Herrenhäuser Straße 8,30419 Hannover,"3,6",328
Zentralmensa ,Platz der Göttinger Sieben 4,37073 Göttingen,"3,5",12.511
Mensa Italia ,Roedererstraße 15a,37073 Göttingen,"3,4",182
Mensa am Turm ,Goßlerstraße 12b,37073 Göttingen,"3,6",2.859
Lunchbox ,Justus-von-Liebig-Weg,37077 Göttingen,"3,3",379
CampusGastronomie im Norden ,Grisebachstraße 10,37077 Göttingen,"3,3",2.325
Mensa Katharinenstraße abends ,Katharinenstraße 1,38106 Braunschweig,"3,8",311
Mensa Katharinenstraße ,Katharinenstraße 1,38106 Braunschweig,"3,6",14.658
Mensa Beethovenstraße ,Beethovenstraße 15,38106 Braunschweig,"3,8",5.350
Mensa Unteres Schloss ,Obergraben,57072 Siegen,"4,0",3.496
Mensa Emmy-Noether-Campus ,Walter-Flex-Straße 3,57072 Siegen,"3,9",1.356
Mensa Adolf-Reichwein-Straße ,Adolf-Reichwein-Straße 2,57076 Siegen,"3,8",13.156
Cafeteria Unteres Schloss ,Obergraben 18,57072 Siegen,"4,0",537
Cafeteria Paul-Bonatz-Straße ,Paul-Bonatz-Straße 9-11,57076 Siegen,"3,4",793
Cafeteria ct ,Adolf-Reichwein-Straße 2,57076 Siegen,"3,3",43
Bistro ,Adolf-Reichwein-Straße 2,57076 Siegen,"3,7",198
Bistro4u NFF ,Hermann-Blenk-Straße 42,38108 Braunschweig,"3,8",419
360 Grad ,Katharinenstraße 1,38106 Braunschweig,"3,6",1.770
Kantina Kreativa ,Johannes-Selenka-Platz 1,38118 Braunschweig,"3,2",292
Bistro HAWK ,Von-Ossietzky-Straße 99,37085 Göttingen,"3,3",336
Hauptmensa ,Callinstraße 23,30167 Hannover,"3,7",15.594
Contine ,Königsworther Platz 1,30167 Hannover,"3,6",14.742
Mensa TiHo-Tower ,Bünteweg 2,30559 Hannover,"3,6",965
Mensa Caballus ,Bischofsholer Damm 15,30173 Hannover,"3,7",1.409
Mensa Große Pause ,Expo Plaza 10,30539 Hannover,"3,4",1.441
Mensa Campus Linden ,Ricklinger Stadtweg 120,30459 Hannover,"3,6",4.948
Mensa Blumhardtstraße ,Blumhardtstraße 2,30625 Hannover,"3,9",742
Mensa HMTMH ,Emmichplatz 1,30175 Hannover,"3,2",188
Bistro-Shop Lübecker Straße ,Lübecker Straße 3,31141 Hildesheim,"3,4",351
Mensa Hohnsen ,Hohnsen 1,31134 Hildesheim,"3,6",2.487
Mensa Ofener Straße ,Ofener Straße 16a,26121 Oldenburg,"3,3",4.834
Mensa Westerberg ,Barbarastraße 20,49076 Osnabrück,"3,7",17.397
Mensa Haste ,Oldenburger Landstraße 24,49090 Osnabrück,"3,7",533
Café Lounge Westerberg ,Barbarastraße 20,49076 Osnabrück,"3,2",300
Bistro Caprivi ,Caprivistraße 30a,49076 Osnabrück,"3,4",266
Mensa ZM2 ,Zukunftsmeile 2,33102 Paderborn,"3,6",173
Mensa Bispinghof ,Bispinghof 9-14,48155 Münster,"3,7",4.418
Mensa am Ring ,Domagkstraße 61,48149 Münster,"3,6",28.364
Mensa am Aasee ,Bismarckallee 11,48151 Münster,"3,6",11.517
Hier und Jetzt ,Bismarckallee 11,48151 Münster,"4,0",577
Bistro Oeconomicum ,Universitätsstraße 14,48143 Münster,"3,4",1.046
Bistro KaBu ,Domplatz 21,48143 Münster,"3,4",627
Bistro Durchblick ,Fliednerstraße 21,48149 Münster,"3,4",156
Bistro Katholische Hochschule ,Piusallee 89,48147 Münster,"3,2",430
Mensa Obergath ,Obergath 73,47805 Krefeld,"2,9",113
UniMensa ,Zülpicher Straße 70,50937 Köln,"3,4",5.962
Mensa Lindenthal ,Robert-Koch-Straße 10,50931 Köln,"3,6",1.803
Bistro Uni E-Raum ,Albertus-Magnus-Platz,50931 Köln,"3,3",135
Mensa Südstadt ,Mainzer Straße 5,50678 Köln,"3,3",997
Mensa IWZ Deutz ,Betzdorfer Straße 2,50679 Köln,"3,4",3.017
Mensa Claudiusstraße ,Claudiusstraße 1,50678 Köln,"3,5",414
Mensa Kunsthochschule Medien ,Filzengraben 2-4,50676 Köln,"3,1",43
Mensa Musikhochschule ,Dagobertstraße 38,50668 Köln,"3,6",345
Mensa Sporthochschule ,Am Sportpark Müngersdorf 2,50933 Köln,"3,5",1.858
Mensa Frankenring ,Frankenring 20,47798 Krefeld,"3,2",174
Mensa Da Vinci ,Leonardo-Campus 8,48149 Münster,"3,7",4.632
Bistro Denkpause ,Corrensstraße 25,48149 Münster,"3,2",2.376
Mensa UPB ,Warburger Straße 100,33098 Paderborn,"3,5",2.081
Mensa Forum ,Warburger Straße 100,33098 Paderborn,"3,6",918
Hauptmensa Essen ,Segerothstraße 10,45127 Essen,"3,3",630
Mensa Universitätsstraße ,Universitätsstraße 1,40225 Düsseldorf,"3,3",2.919
u-café ,Lotharstraße 65,47057 Duisburg,"3,4",40
Mensa Süd ,August-Schmidt-Straße 2,44227 Dortmund,"3,3",130
Mensa Emilienstraße ,Emilienstraße 45,32756 Detmold,"3,2",223
Mensa Neustadt ,Neustadt 22,32756 Detmold,"3,5",103
venusberg bistro ,Sigmund-Freud-Straße 25,53127 Bonn,"3,4",2.025
Mensa TH Georg Agricola ,Herner Straße 45,44787 Bochum,"3,1",118
Rote Bete ,Universitätsstraße 150,44801 Bochum,"3,1",100
Cafeteria sowls ,Universitätsstraße 25,33615 Bielefeld,"3,6",1.181
Mensa Vita ,Helmertweg 1,52074 Aachen,"3,5",10.383
Mensa Ahornstraße ,Ahornstraße 55,52074 Aachen,"3,4",2.906
Mensa Tarforst ,Universitätsring 15,54296 Trier,"3,3",2.730
Geo-Mensa Petrisberg ,Behringstraße 6a,54296 Trier,"3,5",666
ForU ,Universitätsring 15,54296 Trier,"3,2",39
Bistro A/B - Abendmensa ,Universitätsring 15,54296 Trier,-,-
Zentralmensa ,Staudingerweg 15,55128 Mainz,"3,6",2.411
Mini Mensa Sport ,Albert-Schweitzer-Straße 22,55128 Mainz,-,-
Mini Mensa Campusgarten ,Staudingerweg 18,55128 Mainz,-,-
Mini Mensa Biochemie ,Hanns-Dieter-Hüsch-Weg 15,55128 Mainz,-,-
Mensaria ,Staudingerweg 15,55128 Mainz,"3,4",503
Mensablitz ,Staudingerweg 15,55128 Mainz,-,-
Mensa Bambus ,Jakob-Welder-Weg 12,55128 Mainz,"3,5",691
Foodtruck ,Staudingerweg 15,55128 Mainz,-,-
Cafeteria im ReWi ,Jakob-Welder-Weg 9,55128 Mainz,"3,2",276
Mensa K3 ,Lucy-Hillebrandt-Straße 4,55128 Mainz,"3,5",198
Mensa Holzstraße ,Holzstraße 36,55116 Mainz,"3,7",106
Bistro A/B ,Universitätsring 15,54296 Trier,"3,4",191
Mensa Schneidershof ,Schneidershof,54293 Trier,"3,6",6.599
Mensa Irminenfreihof ,Irminenfreihof 8,54290 Trier,"3,2",251
Mensa Academica ,Pontwall 3,52062 Aachen,"3,4",33.731
Bistro Templergraben ,Templergraben 55,52062 Aachen,"3,4",4.194
Mensa Südpark ,Weißhausstraße 2,52066 Aachen,"3,6",645
Mensa KMAC ,Hohenstaufenallee 20-22,52064 Aachen,"3,7",6.064
Mensa Eupener Straße ,Eupener Straße 70,52066 Aachen,"3,5",7.224
Mensa Bayernallee ,Bayernallee 9,52066 Aachen,"3,7",2.706
Mensa X ,Universitätsstraße 25,33615 Bielefeld,"3,6",21.464
Cafeteria X ,Universitätsstraße 25,33615 Bielefeld,"3,7",208
Cafeteria Lampingstraße ,Lampingstraße 3,33615 Bielefeld,"3,7",67
Cafeteria HSBI ,Interaktion 1,33619 Bielefeld,"3,5",167
Mensa Ruhr-Universität Bochum ,Universitätsstraße 150,44801 Bochum,"3,1",428
Mensa Hochschule für Gesundheit ,Universitätsstraße 105,44789 Bochum,"3,5",188
Mensa Hochschule Bochum ,Lennershofstraße 140,44801 Bochum,"3,5",1.819
Mensa EvH RWL ,Immanuel-Kant-Straße 18-20,44803 Bochum,"3,1",138
Mensa Campo ,Endenicher Allee 19,53115 Bonn,"3,6",10.496
Mensa am Hofgarten ,Regina-Pacis-Weg,53113 Bonn,"3,4",8.362
Mensa Campus Nord ,Vogelpothsweg 85,44227 Dortmund,"3,5",3.480
food fakultät ,Vogelpothsweg 74,44227 Dortmund,"3,5",68
Archeteria ,August-Schmidt-Straße 2,44227 Dortmund,"3,2",72
Mensa Sonnenstraße ,Sonnenstraße 96,44139 Dortmund,"3,3",412
Mensa am Max-Ophuels-Platz ,Max-Ophuels-Platz 2,44139 Dortmund,"4,2",43
kostBar ,Emil-Figge-Straße 40a,44227 Dortmund,"3,6",129
Hauptmensa Duisburg ,Lotharstraße 23-25,47057 Duisburg,"4,1",515
Bistro insgrüne ,Bismarckstraße 81,47057 Duisburg,"3,2",120
Essensausgabe Süd ,Universitätsstraße 1,40225 Düsseldorf,"3,5",721
Campus Vita ,Universitätsstraße 1,40225 Düsseldorf,"3,7",289
Mensa Musikhochschule ,Fischerstraße 110,40476 Düsseldorf,"3,5",133
Mensa Kunstakademie ,Eiskellerstraße 1,40213 Düsseldorf,"3,5",165
Mensa Campus Derendorf ,Münsterstraße 156,40476 Düsseldorf,"3,5",1.513
Mensa Folkwang ,Klemensborn 39,45239 Essen,"3,3",475
Bistro Campus Zollverein ,Martin-Kremmer-Straße 21,45327 Essen,"3,4",142
Mensa Campus ,Fortstraße 7,76829 Landau,"3,8",3.237
Mensa Uni-Campus ,Universitätsstraße 1,56072 Koblenz,"3,7",2.504
Mensa TU Kaiserslautern ,Paul-Ehrlich-Straße 30,67663 Kaiserslautern,"3,7",1.791
Cafeteria Atrium ,Paul-Ehrlich-Straße 30,67663 Kaiserslautern,"3,2",105
Mensa Büdesheim ,Berlinstraße 109,55411 Bingen,"3,5",390
Cafe Rochusberg ,Rochusallee 4,55411 Bingen,"3,7",26
Mensa Mahlwerk ,Schwenninger Weg 1,02763 Zittau,-,-
Mensa Kraatschn ,Hochwaldstraße 12,02763 Zittau,"3,6",3.024
Mensa HS Kaiserslautern ,Morlauterer Straße 31,67657 Kaiserslautern,"3,4",1.429
Mensaria am Botanischen Garten ,Philipp-Rosenthal-Straße 33,04103 Leipzig,"3,1",907
Mensa Peterssteinweg ,Straße des 17. Juni 2a,04107 Leipzig,"3,4",1.817
Mensa An den Tierkliniken ,An den Tierkliniken 5,04103 Leipzig,"3,4",459
Neue Mensa ,Bergstraße 51,01069 Dresden,"3,5",10.088
Mensa Straße der Nationen ,Straße der Nationen 62,09111 Chemnitz,"3,5",279
Mensa Reichenhainer Straße ,Reichenhainer Straße 55,09126 Chemnitz,"3,4",2.453
Cafeteria Straße der Nationen ,Straße der Nationen 62,09111 Chemnitz,"3,5",25
Mensa UniCampus unten ,Pfälzer Straße 1,39106 Magdeburg,"3,7",511
Mensa UniCampus oben ,Pfälzer Straße 1,39106 Magdeburg,"3,5",163
Kellercafé im Gebäude 40 ,Zschokkestraße 32,39104 Magdeburg,"2,8",50
Mensa Herrenkrug ,Breitscheidstraße 2,39114 Magdeburg,"3,4",1.317
Cafeteria Reichenhainer Straße ,Reichenhainer Straße 55,09126 Chemnitz,"3,0",32
Mensologie ,Blasewitzer Straße 84,01307 Dresden,"3,8",3.626
Mensa WUeins ,Wundtstraße 1,01217 Dresden,"3,7",1.177
Mensa Siedepunkt ,Zellescher Weg 17,01069 Dresden,"3,4",5.142
BioMensa U-Boot ,Hettnerstraße 3,01069 Dresden,"3,8",757
Alte Mensa ,Mommsenstraße 13,01069 Dresden,"3,5",15.739
Mensa Palucca Hochschule ,Basteiplatz 4,01277 Dresden,"2,3",30
Mensa Matrix ,Reichenbachstraße 1,01069 Dresden,"3,6",2.389
Mensa Stimm-Gabel ,Wettiner Platz 13,01067 Dresden,"3,3",117
Mensa Brühl ,Brühlsche Terrasse 1,01067 Dresden,"3,2",73
Mensa Johannstadt ,Marschnerstraße 38,01307 Dresden,"3,7",2.157
Mensa am Park ,Universitätsstraße 5,04109 Leipzig,"3,5",10.534
Mensa am Medizincampus ,Liebigstraße 25,04103 Leipzig,"3,5",2.855
Mensa am Elsterbecken ,Marschnerstraße 29c,04109 Leipzig,"3,5",1.169
Mensa Schönauer Straße ,Schönauer Straße 113a,04107 Leipzig,"3,4",256
Mensa Academica ,Karl-Liebknecht-Straße 145,04277 Leipzig,"3,5",5.141
Cafeteria Dittrichring ,Dittrichring 21,04109 Leipzig,"3,1",49
Mensa RheinMoselCampus ,Konrad-Zuse-Straße 1,56075 Koblenz,"3,4",1.529
Mensa Bürgerstrasse ,Bürgerstraße 23,76829 Landau,"4,1",103
Mensa Weinberg ,Wolfgang-Langenbeck-Straße 3,06120 Halle (Saale),"3,6",4.488
Mensa Tulpe ,Universitätsring 5,06108 Halle (Saale),"3,5",1.652
Mensa Harz ,Harz 42,06108 Halle (Saale),"3,6",11.075
Mensa Franckesche Stiftungen ,Franckeplatz 1,06110 Halle (Saale),"3,5",3.824
Heidemensa ,Theodor-Lieser-Straße 7,06120 Halle (Saale),"3,6",4.915
Mensa Neuwerk ,Neuwerk 7,06114 Halle (Saale),"3,5",1.146
Mensa Burg ,Seebener Straße 1,06114 Halle (Saale),"3,5",191
Mensa Lübeck ,Mönkhofer Weg 241,23562 Lübeck,"3,5",3.818
Mensa II ,Leibnizstraße 14,24118 Kiel,"3,4",6.995
Mensa I am Westring ,Westring 385,24118 Kiel,"3,4",11.033
Mensa Flensburg ,Kanzleistraße 94,24941 Flensburg,"3,3",2.809
Cafeteria B-Gebäude ,Kanzleistrae 91A,24943 Flensburg,-,-
Mensa Philosophenweg ,Philosophenweg 20,07743 Jena,"3,7",9.848
NANOteria ,Gustav-Kirchhoff-Straße 5,98693 Ilmenau,"3,5",121
Mensa Ehrenberg ,Max-Planck-Ring 1,98693 Ilmenau,"3,7",7.700
Mensa Nordhäuser Straße ,Nordhäuser Straße 63,99089 Erfurt,"3,5",9.375
Mensa Altonaer Straße ,Altonaer Straße 25,99089 Erfurt,"3,7",2.292
Cafeteria Schlüterstraße ,Schlüterstraße 1,99089 Erfurt,"3,5",790
Cafeteria Leipziger Straße ,Leipziger Straße 77,99089 Erfurt,"3,4",170
Cafeteria Mensa Ehrenberg ,Max-Planck-Ring 1,98693 Ilmenau,"3,6",1.326
Cafeteria im Röntgenbau ,Weimarer Straße 25,98693 Ilmenau,"3,8",386
Mensa Ernst-Abbe-Platz ,Ernst-Abbe-Platz 8,07743 Jena,"3,7",28.804
Cafeteria Zur Rosen ,Johannisstraße 13,07743 Jena,"3,9",1.034
Cafeteria Uni-Hauptgebäude ,Schlossgasse 1,07743 Jena,"3,8",3.445
Cafeteria Bibliothek ,Bibliotheksplatz 2,07743 Jena,"3,4",184
Mensa Moritz-von-Rohr-Straße ,Moritz-von-Rohr-Straße 2,07745 Jena,"3,7",4.105
Mensa Carl-Zeiss-Promenade ,Carl-Zeiss-Promenade 6,07745 Jena,"3,6",7.673
Mensa Dockside ,Kaiserstraße 2,24143 Kiel,"3,6",820
Mensa Kesselhaus ,Legienstraße 35,24103 Kiel,"3,5",762
Schwentine-Mensa ,Grenzstraße 14,24149 Kiel,"3,6",2.357
Boje 23 ,Heikendorfer Weg 89,24149 Kiel,-,-
American Diner ,Sokratesplatz 6,24149 Kiel,"3,2",35
Cafeteria Musikhochschule ,Große Petersgrube 17-19,23552 Lübeck,"3,5",291
